Codon Sites,P(ω1 > ω2),P(ω2 > ω1),P(ω1 > 1),P(ω2 > 1),mean(α),mean(ω1),mean(ω2)
1,0.0885,0.03,0.0,0.0,1.119107370717153,0.01536870870355824,0.012252110278109529
2,0.107,0.393,0.0,0.0,3.3337566272363772,0.24866535451217095,0.28894238597523214
3,0.741,0.031,0.125,0.001,1.536974553464762,0.8414452026973626,0.4735739177711431
4,0.487,0.398,0.216,0.1515,0.019009210381081252,1.0157252252702087,0.6782453255572014
5,0.4875,0.318,0.073,0.0405,0.0912171992173095,0.41874591301721004,0.25774247140928214
6,0.47,0.0215,0.0,0.0,2.0143837227505106,0.04650930247025592,0.01733272582853259
7,0.135,0.725,0.006,0.023,0.2867493210030042,0.12139621828194863,0.30416160454563396
8,0.3165,0.402,0.638,0.696,0.11295201354393343,2.4803017731176102,2.5023743201527817
9,0.117,0.028,0.0,0.0,1.1966335427340526,0.01711854774282321,0.011949769745188597
10,0.4405,0.118,0.0,0.0,0.906609016418911,0.07866709312911685,0.04379417861489921
11,1.0,0.0,0.005,0.0,1.914575954633295,0.532079087511195,0.015123662090555275
12,0.1815,0.5115,0.0,0.0,0.8256831535257374,0.20536657221027152,0.2618116702029633
13,0.1305,0.0445,0.0,0.0,1.0884271228768088,0.019167573361806908,0.01393088241277211
14,0.115,0.051,0.0,0.0,0.940820913728059,0.018551020073505196,0.014227830436146657
15,0.057,0.562,0.0,0.0,1.6668423505271441,0.02512652809223237,0.055511509211868454
16,0.0025,0.9445,0.0,0.017,2.319129190518123,0.33575388040721077,0.7409278561288265
17,0.0,0.992,0.0,0.0,2.389682535593858,0.023615023418979076,0.2257918111054063
18,0.832,0.008,0.0,0.0,2.5359376165664993,0.2284462396895135,0.10228440150901853
19,0.3985,0.284,0.105,0.061,0.3219984461800037,0.5306014328177567,0.3307257614211154
20,0.462,0.23,0.013,0.0005,0.6780471803440455,0.3674492691372466,0.27858241038265635
21,0.1015,0.1375,0.0,0.0,1.674768602199177,0.01790045383194088,0.01981263784703452
22,0.294,0.173,0.0115,0.004,1.4666669451431136,0.5248625131894438,0.48191265343367967
23,0.0055,0.8475,0.0,0.0045,2.9750459477973803,0.3263592494986287,0.5928556135590731
24,0.1845,0.594,0.001,0.001,0.6494785239331768,0.16718873212463134,0.24023242633456887
25,0.143,0.0515,0.0,0.0,0.9220935936437347,0.022327296881482852,0.015134625241603774
26,0.412,0.2825,0.0895,0.0445,0.27273709151409736,0.45017199078009784,0.24803556819699232
27,1.0,0.0,0.927,0.0,1.3744036874721424,2.5782388606992166,0.01941418848339948
28,0.114,0.038,0.0,0.0,0.9993294818290615,0.01766457005368994,0.012603315009785905
29,0.0765,0.662,0.0,0.0,1.261140552966191,0.16613772626790307,0.27685172058950414
30,0.22,0.1,0.0,0.0,0.712945362390023,0.030337895838700748,0.019671334112167968
31,0.9995,0.0,0.285,0.0,0.46288087387904475,1.1160824252070682,0.04203200947853281
32,0.11,0.0285,0.0,0.0,1.1530792808073025,0.01607573188058108,0.011851224002359164
33,0.104,0.689,0.0,0.0,0.49389548913868836,0.06348228997883959,0.14633643424645063
34,0.385,0.2385,0.0005,0.0,0.34255777419254235,0.07398516887866276,0.052379793909503265
35,0.0685,0.016,0.0,0.0,1.8258061283288063,0.013458692327205956,0.01090675589159509
36,0.1385,0.0435,0.0,0.0,0.9502905345591529,0.019738223872661734,0.013186935559944534
37,0.0715,0.627,0.7565,0.937,0.5614302650722452,2.177818046785771,3.0371741252542055
38,0.365,0.189,0.0015,0.0,0.3824221828447786,0.07191456368177689,0.04013807927369371
39,0.113,0.728,0.002,0.0075,0.3350722924138367,0.09568746418542796,0.23945512268922284
40,0.0065,0.973,0.0205,0.53,0.1475104599734556,0.20705239058769012,1.7713978340832741
41,0.0945,0.025,0.0,0.0,1.7524436016451213,0.014982553145253602,0.011783962993341494
42,0.161,0.259,0.001,0.0015,4.2237044166729225,0.3947946058190215,0.4054174021373441
43,0.59,0.027,0.0,0.0,2.5121052174549408,0.08826932641882312,0.0404468667291788
44,0.9265,0.006,0.0,0.0,1.3369928157610442,0.33853000637440456,0.08670444711392869
45,0.0005,0.969,0.0035,0.285,1.773549735811494,0.44502845163581134,1.1553354514034224
46,1.0,0.0,0.0815,0.0,2.556355706796323,0.8362229150776118,0.11413030901133749
47,0.475,0.309,0.0325,0.0065,0.11913288747694928,0.2571442852979125,0.1402899102612785
48,0.9995,0.0,0.798,0.0,1.9566042700563757,1.8945554555799018,0.35005533492453234
49,0.0145,0.0035,0.0,0.0,3.6299741893966395,0.010579707440221013,0.010146708973432617
50,0.4645,0.239,0.0035,0.0,0.21955399057971017,0.11664763799422447,0.06726800348474538
51,0.504,0.158,0.0005,0.0,0.6656125098508758,0.12097192485430303,0.06694148680933057
52,0.384,0.3135,0.0,0.0,0.8644724188941593,0.11626540097324513,0.09658876735862842
53,0.416,0.2285,0.002,0.0,0.3097215200951132,0.08787727106686326,0.050450772562093966
54,0.13,0.026,0.0,0.0,0.9447942871357153,0.01866101288971764,0.012855167127173205
55,0.648,0.07,0.0025,0.0,1.0752266899645033,0.4100895308445368,0.25512937432104044
56,0.7845,0.017,0.0035,0.0,1.6189876805504786,0.45314332655422485,0.24425545753411718
57,0.6395,0.131,0.395,0.127,0.2943209592937645,1.3641389678610107,0.786900380046813
58,0.421,0.036,0.0,0.0,3.7127112877186867,0.06998501050456449,0.0450154129207999
59,0.349,0.1955,0.0,0.0,0.3917190395544137,0.06131552142306813,0.036901336621041614
60,0.1015,0.0245,0.0,0.0,1.2878525399789957,0.015722181378207634,0.011924026850924628
61,0.0965,0.0225,0.0,0.0,1.2738888976860043,0.015157282483156396,0.011472206424797175
62,0.0645,0.021,0.0,0.0,2.107871597641131,0.012921992513255135,0.011038172982197956
63,0.5,0.35,0.116,0.057,0.054021617557574175,0.5726496038436794,0.3414361476109913
64,0.3745,0.415,0.0335,0.018,0.27083205572374963,0.33543225768375534,0.31414597459921956
65,0.0125,0.002,0.0,0.0,4.322033217284137,0.010458465541976936,0.010073354486716306
66,0.2405,0.409,0.894,0.9655,1.3551704231176427,3.195482422507603,3.368530700046894
67,0.4595,0.161,0.0015,0.0,1.189495010301468,0.4251324798289436,0.34250650866591964
68,0.105,0.0335,0.0,0.0,1.051525932039001,0.016892076072038194,0.012540411534503802
69,0.2785,0.1955,0.014,0.0025,1.3605505406134752,0.5300359261125593,0.4918002134756065
70,0.287,0.195,0.127,0.0955,2.6701081500759454,0.8336085135457484,0.793352372563246
71,0.4115,0.251,0.0035,0.0,0.25843687569426277,0.10685673693063906,0.06754244193313995
72,0.642,0.046,0.0,0.0,2.3697921944155302,0.1386125407101702,0.07594862273232622
73,0.109,0.035,0.0,0.0,1.2214441062474932,0.017454029843517283,0.012772720138633169
74,0.9995,0.0,0.951,0.0405,1.0037417830762017,3.2565084259869765,0.6831224563496808
75,0.2215,0.1285,0.0025,0.0,3.421018484377748,0.5332370765562627,0.4931247541866088
76,0.4575,0.261,0.003,0.0005,0.2327070015574628,0.11909036470965306,0.07240845308547153
77,0.809,0.069,0.0895,0.004,0.18889996529253086,0.532871747929305,0.0945669024506362
78,0.494,0.317,0.069,0.0385,0.08537118068368932,0.4201662130389156,0.25687596589624
79,0.0195,0.3935,0.0,0.0,3.859213555137735,0.0148587579577279,0.029753916852965395
80,0.2595,0.1415,0.0,0.0,0.5740973178460294,0.03916044006890967,0.025882733544431033
81,0.0825,0.023,0.0,0.0,1.6237099900575842,0.013990473442037184,0.01136522143357203
82,0.1785,0.1675,0.0,0.0,2.3793654576085923,0.03254453881852427,0.030226813867710714
83,0.22,0.1375,0.0,0.0,0.6688590989681504,0.03243570011864437,0.02310925068532476
84,0.0745,0.021,0.0,0.0,1.9329446326817772,0.01364584552571943,0.011063640057386498
85,0.7195,0.0405,0.0115,0.001,1.0201032508931733,0.5360788477119036,0.3289186646866892
86,0.0905,0.0185,0.0,0.0,1.4267844531744058,0.015242054656626876,0.011342801097232808
87,0.089,0.2285,0.0,0.0,2.933021853299995,0.026360618950859213,0.031437805678098944
88,0.4845,0.32,0.079,0.038,0.0879212290094443,0.44419043940800795,0.2456403632455836
89,0.256,0.3495,0.004,0.002,0.8053809847976792,0.35084347303702507,0.36778344089063936
90,0.352,0.1825,0.0015,0.0005,0.3834209766394771,0.06422193484524408,0.03679903146397086
91,0.0355,0.004,0.0,0.0,3.520149427366738,0.011471171448986352,0.01027507932518616
92,0.571,0.0435,0.0,0.0,3.2964398093828904,0.11620069846257224,0.06612603075334607
93,0.801,0.0675,0.0225,0.0,0.2591529249939488,0.30370641340709276,0.06604411183493086
94,0.4105,0.165,0.0,0.0,1.8465511396042205,0.1753384960878337,0.1359576660884725
95,0.4575,0.0235,0.0,0.0,1.0206822996771634,0.05593376359084163,0.01688678124961151
96,0.299,0.146,0.0,0.0,0.4955243425284877,0.04819080813459823,0.029040511564142873
97,0.106,0.555,0.0395,0.111,0.8800389692771475,0.5648325769960971,0.8037864534567172
98,0.1295,0.0465,0.0,0.0,0.943480383763751,0.01967167895810522,0.014252113205522965
99,0.0305,0.74,0.0,0.0,3.268862404695004,0.1654364830736375,0.28327061096992984
100,0.0795,0.7265,0.0,0.0,0.967233881112934,0.05196865125918574,0.12847921624076464
101,0.3695,0.1945,0.0,0.0,0.4002536167119488,0.06492820741383508,0.038640633371942956
102,0.9225,0.019,0.0275,0.0,0.39625603254890535,0.38917225505731706,0.05127443272558815
103,0.919,0.004,0.269,0.009,0.8596304035722233,1.0701532335634611,0.47468006127135365
104,0.227,0.5255,0.0395,0.049,0.3786858877283812,0.4737658333035789,0.590942661404085
105,0.4725,0.1185,0.0045,0.0005,1.2837810775003144,0.501686915247163,0.3974573848737728
106,0.018,0.8525,0.0,0.0,1.6521127831861664,0.02868440857741709,0.10257706785998284
107,0.0715,0.013,0.0,0.0,1.547593224775487,0.01327831393540248,0.01070094933846509
108,0.131,0.7555,0.0175,0.064,0.1876864634603016,0.20872493152404953,0.5379618862938405
109,0.665,0.0045,0.0,0.0,1.4076183641090738,0.06682787285374889,0.013346827550723243
110,0.5005,0.317,0.089,0.0455,0.07817250066880864,0.49449909899968103,0.27706712573576586
111,0.081,0.02,0.0,0.0,1.4340689515441458,0.014204650943072031,0.01127048158632732
112,0.0395,0.0095,0.0,0.0,3.242508060196493,0.011706526791965039,0.010458465541976936
113,0.141,0.593,0.3265,0.5775,0.2737967084054748,1.2063045715782001,1.714591341652643
114,0.261,0.153,0.001,0.0,0.6627662528158857,0.0414417512250955,0.024848690576291986
115,0.1235,0.0205,0.0,0.0,2.9718623366780927,0.01630424470103344,0.011691234909135284
116,0.6725,0.087,0.492,0.1845,0.3893736396552529,1.720185751216645,0.9144671887606541
117,0.392,0.228,0.005,0.0005,0.29257293162556686,0.09231502329806769,0.055003532322731974
118,0.412,0.3935,0.0895,0.052,0.1809851291631509,0.5385609119969172,0.4792300303783749
119,0.2585,0.575,0.0175,0.016,0.18865398210462977,0.20323310419354845,0.2825002614464239
120,0.037,0.8255,0.0015,0.007,0.6054715654806785,0.15048487622331735,0.38422427842984397
121,0.5025,0.0915,0.0035,0.0,1.2223932794781072,0.5248981390843745,0.3998494490176801
122,0.064,0.8155,0.0,0.0,0.5487406798671429,0.07834581019941278,0.22984812899985613
123,0.8745,0.03,0.1145,0.001,0.36596648592581577,0.7204669132603982,0.20433163333224474
124,0.152,0.0685,0.0,0.0,0.858201527859462,0.021297799326523037,0.015501605193769885
125,0.196,0.4265,0.0005,0.0,1.4230751598463596,0.2734529691666923,0.3157232817600854
126,0.0745,0.8665,0.2105,0.781,0.021695571732282284,0.9521527154791671,4.291935348427733
127,0.337,0.199,0.002,0.0,0.41299999615803296,0.07019450132353597,0.04113729338980825
128,0.129,0.025,0.0,0.0,1.1992671303030458,0.01782351049545759,0.012016271597470863
129,0.088,0.67,0.0005,0.003,0.7312299654625343,0.22811833608022264,0.39225907888866596
130,0.492,0.2075,0.043,0.006,0.5976470981688333,0.4758124353584824,0.34030561797968784
131,0.0,0.9945,0.157,0.967,0.2387123699388153,0.7767641009597218,3.9796429684660346
132,0.4355,0.257,0.12,0.065,0.3064492177647774,0.5969184071476543,0.3192467305847035
133,0.0,1.0,0.0,0.8935,1.8880994146738914,0.033040187559723405,2.620851026623787
134,0.864,0.0115,0.008,0.0,0.9610064684944918,0.4774103751246836,0.190862549513614
135,0.598,0.261,0.5185,0.348,0.04803262619633411,2.685913699106695,1.5705939401226354
136,0.4465,0.2605,0.0135,0.0045,0.19504853169720915,0.15056640309167943,0.08792049407385084
137,0.287,0.0665,0.0,0.0,1.6135120889731192,0.03199197787688938,0.018739040227781497
138,0.1275,0.034,0.0,0.0,1.1094032665821907,0.018173255102246308,0.012934720994895546
139,0.2155,0.501,0.1625,0.2165,0.33044551309182485,0.8121805943045938,0.9667053603081711
140,0.2345,0.118,0.0,0.0,0.6825565942494658,0.034929154180112804,0.022565422417864474
141,0.692,0.069,0.605,0.266,0.48824531203698496,1.808585967030044,1.0952987819158635
142,0.1085,0.41,0.0,0.0,2.329877130851814,0.04310447487826541,0.05807860995789194
143,0.0315,0.0205,0.0,0.0,4.714567414767578,0.011496638524174896,0.011063640057386498
144,0.767,0.0145,0.2965,0.0185,2.758491834310984,1.130847704499715,0.6338328572442136
145,0.132,0.0285,0.0,0.0,1.1109499605558726,0.018850081475195412,0.01239806009480675
146,0.5015,0.3995,0.2325,0.1375,0.018210967906089823,1.0853578835524882,0.6568419374710511
147,0.1165,0.0325,0.0,0.0,1.1049491372421452,0.016963448182344843,0.012365464566108741
148,0.5115,0.3715,0.2205,0.1525,0.019018408786212363,1.072820608409039,0.6974411286759198
149,0.7415,0.034,0.0,0.0,1.2337869137744164,0.11460269395853212,0.0364494116807704
150,0.1675,0.488,0.0,0.0,1.2461058468958606,0.16590553990461174,0.2074092246720205
151,0.495,0.3325,0.085,0.0395,0.07507003725616265,0.4649065753872097,0.2733737561915624
152,0.127,0.4135,0.0,0.0,1.9146617339823813,0.335597843619194,0.40185613915013624
153,0.4975,0.318,0.08,0.0385,0.08416742919859246,0.46114722383088425,0.2518017960726303
154,0.055,0.7775,0.0,0.0005,0.8604390387836093,0.1479171986115215,0.331170930754999
155,0.788,0.063,0.018,0.0,0.4181230451748917,0.3233234586660709,0.10371381258788952
156,1.0,0.0,0.031,0.0,1.6479499311792636,0.6411343857421669,0.026295567111556884
157,0.334,0.263,0.0,0.0,1.3310036484403014,0.16959802822196274,0.14944148254370862
158,0.625,0.063,0.0055,0.0,1.0536553891748526,0.4933723353632831,0.3307554242895101
159,0.5015,0.369,0.1755,0.106,0.027392343054535463,0.7859147111532235,0.47427062356422867
160,0.998,0.0005,0.424,0.0,0.5976748698881147,1.3453858540911117,0.10576087608618544
161,0.9925,0.001,0.0035,0.0,0.91046137847499,0.36336556531390035,0.02774340224267146
162,0.2715,0.0835,0.0,0.0,3.3005705936019907,0.04620702093374801,0.034189575717188274
163,0.065,0.523,0.0,0.0,2.394238076163851,0.10877875310183001,0.15695785605927107
164,0.0185,0.688,0.0205,0.0745,1.9918502448462734,0.6114604413399234,0.9063328956616976
165,0.8125,0.0655,0.395,0.084,0.1902447786850066,1.5629582213172224,0.5543370216082506
166,0.317,0.2615,0.0,0.0,1.7115774017657954,0.09973831619041537,0.08773409465804961
167,0.1555,0.0665,0.0,0.0,0.8529351438455752,0.02288093025714806,0.016001066598978524
168,0.187,0.1705,0.0,0.0,3.3082659448084937,0.05354454813513959,0.0498586764890461
169,0.039,0.875,0.049,0.3765,0.2242729223013883,0.43608871154828766,1.294571277335385
170,0.0995,0.8205,0.0555,0.263,0.09117030517661392,0.34133748808807074,1.2238222272949684
171,0.437,0.0305,0.0,0.0,1.0416105215291696,0.05337092321855259,0.018097120168522916
172,0.4595,0.2975,0.024,0.0085,0.16419041204112605,0.20544802168570295,0.12052093877362176
173,0.8355,0.081,0.1895,0.011,0.14463802376281068,0.8423917436002601,0.15611237610209683
174,0.227,0.127,0.0,0.0,0.7058513246321532,0.03259211891045142,0.021535049690954152
175,0.47,0.354,0.071,0.029,0.08524270166830841,0.3695167203343847,0.24864657380638108
176,0.0475,0.609,0.0,0.0,2.1253981008906924,0.04180279649775808,0.0795046916203897
177,0.11,0.657,0.0,0.0,0.5767424312768471,0.055939080394824044,0.11978517600874107
178,0.6115,0.0715,0.001,0.0,1.1208216362105536,0.43491888088778585,0.2948208965670255
179,0.8575,0.0125,0.013,0.0,1.303274352462632,0.5823173892290513,0.276488957204012
180,0.4785,0.134,0.009,0.002,1.1342149660763974,0.486970916453963,0.389857212271973
181,1.0,0.0,0.0,0.0,2.7612136579605173,0.35745761638922396,0.012120151661263534
182,0.475,0.278,0.0125,0.0015,0.1596713711049061,0.16848646335974604,0.09627022668349
183,0.0355,0.0075,0.0,0.0,2.417522839170225,0.011678012977927175,0.010499224499995236
184,0.8665,0.064,0.484,0.0745,0.05225504577570208,2.4108693648060173,0.39147935697666264
185,0.017,0.84,0.0,0.0,1.8635265545337514,0.027117027993484966,0.09464186884177686
186,0.2985,0.166,0.001,0.0,0.46546619929037825,0.054509604398938864,0.03150136864624981
187,0.482,0.298,0.027,0.0065,0.12156365248686235,0.2313497964348696,0.12873024233403438
188,0.4555,0.271,0.0115,0.001,0.17773150017604628,0.14767340755678393,0.08816369863019467
189,0.101,0.0315,0.0,0.0,1.6853650013528692,0.015203859099797917,0.011658639380437272
190,0.18,0.3755,0.0,0.0,2.3493929660052975,0.11747249702701108,0.13240752178301854
191,0.2165,0.4545,0.0,0.0,0.49647964709712683,0.05933892709513367,0.07985310040245829
192,0.4925,0.2725,0.019,0.0045,0.16230126817499688,0.21438912272344085,0.11501462775690731
193,0.001,0.9965,0.0025,0.5885,0.29260187246345004,0.12245067421020811,1.884288947708112
194,0.233,0.4905,0.0215,0.0205,0.4103176817924701,0.36303955156808543,0.4340153137433507
195,0.35,0.206,0.0005,0.0005,0.3742201063813457,0.07289714917807939,0.04620308428265268
196,0.531,0.0495,0.0525,0.002,5.782007549811615,0.6533694203776649,0.44524434917834355
197,0.161,0.067,0.0,0.0,0.8908011957513564,0.02381880729223357,0.016260153073182678
198,0.0035,0.979,0.0,0.1385,0.4297657149907812,0.11116200580023167,0.8665896840937544
199,0.627,0.0435,0.0,0.0,3.181016547771937,0.27210914427165445,0.16827617822068788
200,0.049,0.416,0.0,0.0,3.7569811131940853,0.04847700671969207,0.06882087942961825
201,0.0065,0.855,0.0,0.0,2.3630759648292683,0.1256724280822065,0.2903049548084425
202,0.034,0.376,0.0005,0.0015,3.17013726106444,0.02530809580219994,0.0603231075596306
203,0.7535,0.0165,0.0055,0.0,1.2422133494605667,0.45924981642506196,0.2678084435663779
204,0.2345,0.0985,0.0,0.0,0.6886253152184416,0.03472456736005243,0.02189657515852969
205,0.5335,0.3375,0.2,0.111,0.029991566017498753,0.9440085910112879,0.5611269544885101
206,0.1825,0.515,0.6965,0.914,2.190630406250513,2.138605620290717,2.5461355467758486
207,0.0065,0.9355,0.0,0.0,1.7915631258392808,0.02856908144024141,0.14685245040639325
208,0.005,0.9605,0.0105,0.3355,0.3770317494148261,0.2588731457476899,1.2444462533623801
209,0.2055,0.041,0.0,0.0,2.2519424320317394,0.022825427710967915,0.014542919674523433
210,0.415,0.222,0.0015,0.0,0.29193860092053936,0.08812294437535734,0.04995905110701191
211,0.0025,0.973,0.0,0.005,0.6481566944206085,0.06273514392808184,0.4320083588088384
212,0.056,0.071,0.0,0.0,2.3313674030038074,0.01339547411898641,0.014059470395017927
213,0.3765,0.217,0.0,0.0,0.361598820278293,0.06660281803473572,0.04060470147388459
214,0.145,0.64,0.004,0.0105,0.4231260545777144,0.2016981801365183,0.34323941148854237
215,0.23,0.5445,0.001,0.0005,0.2982362557471218,0.09350468952057066,0.1414192250774132
216,0.735,0.0705,0.001,0.0,0.9883973016470623,0.23628901715407022,0.1029665025527273
217,0.1745,0.3765,0.0,0.0,0.6617781641575874,0.04361822016441239,0.05979302949783679
218,0.0955,0.0295,0.0,0.0,1.0714649111739314,0.015616231362793314,0.012240140953204519
219,0.071,0.017,0.0,0.0,1.6048911834587503,0.01325181188440311,0.011016511802594133
220,0.7925,0.0335,0.045,0.0005,0.8009553243144616,0.6265050520855203,0.3002283102155193
221,0.958,0.001,0.146,0.0,1.0950175145314776,0.9003437175641288,0.31513180037798755
222,0.0425,0.01,0.0,0.0,3.1569595252530136,0.011860364218907127,0.010579707440221013
223,0.4695,0.303,0.015,0.006,0.149037425503228,0.1888103234557061,0.11705652198962288
224,0.521,0.359,0.2265,0.143,0.01803249086118545,1.11588993197844,0.6493911695436514
225,0.7675,0.0075,0.0,0.0,3.075111062587117,0.1715451954922186,0.08213501354624828
226,0.311,0.084,0.0,0.0,1.4849985998804462,0.03938729476649752,0.02257207786587643
