difFUBAR_Codon Sites,difFUBAR_P(ω1 > ω2),difFUBAR_P(ω2 > ω1),difFUBAR_P(ω1 > 1),difFUBAR_P(ω2 > 1),difFUBAR_mean(α),difFUBAR_mean(ω1),difFUBAR_mean(ω2),difFUBAR_P(ω1 ≠ ω2),difFUBAR_id,difFUBAR_actual_difference,difFUBAR_actual_effect_difference,difFUBAR_actual_directional_effect_difference,difFUBAR_Concatenated_ID,contrastFEL_P-value (overall),contrastFEL_Permutation p-value,contrastFEL_Q-value (overall),contrastFEL_Total branch length,contrastFEL_alpha,contrastFEL_beta (TEST),contrastFEL_beta (background),contrastFEL_subs (TEST),contrastFEL_Codon_site,contrastFEL_id,contrastFEL_actual_difference,contrastFEL_actual_effect_difference,contrastFEL_actual_directional_effect_difference,contrastFEL_1-Pvalue,contrastFEL_Codon Sites
705,0.788,0.0075,0.3965,0.024,5.360698410414527,1.2545627743568324,0.5853835970140896,0.788,sim.56.rep.2,true,1.25,1.25,sim.56.rep.2_codon.site.705,0.03129602954081145,0.1111111111111111,0.764228850399815,122.2374192395028,4.752767138387381,1.47381809712338,5.239308017838126,11,705,sim.56.rep.2,true,1.25,1.25,0.9687039704591885,705
705,1.0,0.0,0.9985,0.0235,2.528398758068261,3.163097107912311,0.4062462599306407,1.0,sim.56.rep.4,true,1.25,1.25,sim.56.rep.4_codon.site.705,1,-1,1,617.1326002882163,3.096355084823737,3.803102974629221,9999.99999999834,31,705,sim.56.rep.4,true,1.25,1.25,0,705
705,0.996,0.0005,0.9675,0.021,4.781994160068048,2.8753247663277572,0.327543043967018,0.996,sim.56.rep.5,true,1.25,1.25,sim.56.rep.5_codon.site.705,1,-1,1,23673.52011517986,3.688430560811803,6.867662545502705,9999.99999999834,33,705,sim.56.rep.5,true,1.25,1.25,0,705
634,1.0,0.0,0.8545,0.0,3.200890494012394,2.0982824492910224,0.0642799581931002,1.0,sim.175.rep.1,true,1.52,1.52,sim.175.rep.1_codon.site.634,1,-1,1,541.2281339086287,3.605486506510495,0.457888449014881,9999.99999999834,12,634,sim.175.rep.1,true,1.52,1.52,0,634
634,1.0,0.0,0.988,0.0005,3.281928360580185,3.1737661441450653,0.10148724140226358,1.0,sim.175.rep.2,true,1.52,1.52,sim.175.rep.2_codon.site.634,1,-1,1,446.9612863623296,3.407530304641367,4.868074767668261,9999.99999999834,24,634,sim.175.rep.2,true,1.52,1.52,0,634
634,1.0,0.0,0.999,0.0,2.8435076163546036,3.4673800759427587,0.07590773277517798,1.0,sim.175.rep.3,true,1.52,1.52,sim.175.rep.3_codon.site.634,1,-1,1,523.065477729147,3.746332256932219,2.128947267367749,9999.99999999834,23,634,sim.175.rep.3,true,1.52,1.52,0,634
238,0.0,1.0,0.0005,0.995,1.822614307740467,0.4019045197162373,5.828835319944165,1.0,sim.60.rep.1,true,3.69,-3.69,sim.60.rep.1_codon.site.238,1,-1,1,4456.130383472931,2.651075345766924,2.574215549622425,9999.99999999834,25,238,sim.60.rep.1,true,3.69,-3.69,0,238
238,0.0,1.0,0.0065,1.0,1.233934547183627,0.5482366987846161,5.829382826441504,1.0,sim.60.rep.2,true,3.69,-3.69,sim.60.rep.2_codon.site.238,1,-1,1,6455.985364637792,2.127664771026173,2.200134858432019,9999.99999999834,26,238,sim.60.rep.2,true,3.69,-3.69,0,238
238,0.0,1.0,0.0,0.9995,1.4060486081415815,0.4470793088471273,4.108999227936987,1.0,sim.60.rep.3,true,3.69,-3.69,sim.60.rep.3_codon.site.238,2.166663182201489e-8,0.05,1.852497020782273e-6,39.04795263119064,1.397823971639642,4.74002263410143,0.5885639874355832,21,238,sim.60.rep.3,true,3.69,-3.69,0.9999999783333682,238
238,0.0,1.0,0.0,0.9995,1.2663324224077284,0.2896629831460964,4.5351378497313215,1.0,sim.60.rep.4,true,3.69,-3.69,sim.60.rep.4_codon.site.238,2.06273886860231e-11,0.05,4.133535310910098e-11,31503.40944047415,9999.99999999834,1.890295499921276,2920.704156696921,23,238,sim.60.rep.4,true,3.69,-3.69,0.9999999999793726,238
238,0.0,1.0,0.0,0.9665,3.177956115122003,0.17474305032817958,3.3777033044947085,1.0,sim.60.rep.5,true,3.69,-3.69,sim.60.rep.5_codon.site.238,1,-1,1,6570.121046734429,2.930332727003907,3.075725104690224,9999.99999999834,25,238,sim.60.rep.5,true,3.69,-3.69,0,238
324,0.0015,0.992,0.0275,0.977,10.560320626234795,0.2618099402270287,3.6724655971500737,0.992,sim.26.rep.1,true,1.88,-1.88,sim.26.rep.1_codon.site.324,1,-1,1,209.4068288253909,0,245.6685760951583,12.45414018951864,27,324,sim.26.rep.1,true,1.88,-1.88,0,324
324,0.034,0.931,0.174,0.9935,9.087037120359057,0.9383353209632059,5.14313754019253,0.931,sim.26.rep.2,true,1.88,-1.88,sim.26.rep.2_codon.site.324,0.08414980421973572,-1,1,31.72910542699044,17.66208289702735,26.0370145172829,3.341524628983179,20,324,sim.26.rep.2,true,1.88,-1.88,0.9158501957802643,324
324,0.012,0.9635,0.0115,0.591,10.10799827163032,0.18255917508078054,1.64566422880192,0.9635,sim.26.rep.3,true,1.88,-1.88,sim.26.rep.3_codon.site.324,1,-1,1,333.1812531101351,0,302.6890791638908,35.07385564282964,26,324,sim.26.rep.3,true,1.88,-1.88,0,324
324,0.0005,0.9995,0.004,0.988,10.686308112635437,0.10571650726438174,2.9487784562410386,0.9995,sim.26.rep.4,true,1.88,-1.88,sim.26.rep.4_codon.site.324,1,-1,1,7190.922500152569,1.224941595283124,6567.241419337347,5119.000000004657,16,324,sim.26.rep.4,true,1.88,-1.88,0,324
324,0.1965,0.736,0.3435,0.8845,9.256387995955077,1.9885191623356122,3.6065933692853345,0.736,sim.26.rep.5,true,1.88,-1.88,sim.26.rep.5_codon.site.324,0.3562878494080889,-1,1,30.55666090682312,25.93756453908535,16.77994437777322,2.900366736078078,21,324,sim.26.rep.5,true,1.88,-1.88,0.6437121505919111,324
