difFUBAR_Codon Sites,difFUBAR_P(ω1 > ω2),difFUBAR_P(ω2 > ω1),difFUBAR_P(ω1 > 1),difFUBAR_P(ω2 > 1),difFUBAR_mean(α),difFUBAR_mean(ω1),difFUBAR_mean(ω2),difFUBAR_P(ω1 ≠ ω2),difFUBAR_id,difFUBAR_actual_difference,difFUBAR_actual_effect_difference,difFUBAR_actual_directional_effect_difference,difFUBAR_Concatenated_ID,contrastFEL_P-value (overall),contrastFEL_Permutation p-value,contrastFEL_Q-value (overall),contrastFEL_Total branch length,contrastFEL_alpha,contrastFEL_beta (TEST),contrastFEL_beta (background),contrastFEL_subs (TEST),contrastFEL_Codon_site,contrastFEL_id,contrastFEL_actual_difference,contrastFEL_actual_effect_difference,contrastFEL_actual_directional_effect_difference,contrastFEL_1-Pvalue
38,0.0,1.0,0.0,0.0,8.667840063186018,0.010458465541976936,0.18694265933041718,1.0,sim.83.rep.1,true,0.25,-0.25,sim.83.rep.1_codon.site.38,0.01514186580115695,0.05,0.03522523870508668,47569.69251172928,9999.99999999834,0.5167755501194821,0,37,38,sim.83.rep.1,true,0.25,-0.25,0.984858134198843
87,0.0265,0.296,0.0,0.0,1.5428488089766739,0.018630704943133552,0.042386810977350774,0.296,sim.83.rep.1,true,0.25,-0.25,sim.83.rep.1_codon.site.87,0.4933016530309146,-1,0.9126080581071919,10.32491247492132,2.080562438805516,0.04104483439078604,0,20,87,sim.83.rep.1,true,0.25,-0.25,0.5066983469690853
206,0.0,1.0,0.0,0.019,2.0977965247421926,0.020284088415006167,0.5481492871755296,1.0,sim.83.rep.1,true,0.63,-0.63,sim.83.rep.1_codon.site.206,0.02838866359716219,0.09090909090909091,0.06487644592645594,19.32176471827708,3.270358413579366,0.3604796067415979,0,22,206,sim.83.rep.1,true,0.63,-0.63,0.9716113364028378
591,0.062,0.493,0.001,0.002,0.7493158474567773,0.034172583873274265,0.10090650062286209,0.493,sim.83.rep.1,true,1.03,-1.03,sim.83.rep.1_codon.site.591,0.5152810489900538,-1,0.9246498269405815,5.192164170649731,1.036024876238863,0.02530320547888874,0,5,591,sim.83.rep.1,true,1.03,-1.03,0.4847189510099462
658,0.0295,0.9055,0.002,0.1355,0.28250908233178423,0.11421682172157596,0.723140974194391,0.9055,sim.83.rep.1,true,1.44,-1.44,sim.83.rep.1_codon.site.658,0.3779838222259531,-1,0.7043007910541141,2.916909236119752,0.4726672950047123,0.06399857679830753,0,7,658,sim.83.rep.1,true,1.44,-1.44,0.6220161777740469
758,0.0,1.0,0.0025,0.98,0.24702034351051375,0.12059337745782493,5.9428961907207665,1.0,sim.83.rep.1,true,2.65,-2.65,sim.83.rep.1_codon.site.758,0.04369002924227905,0.1111111111111111,0.09839754411956761,4.99182033428294,0.180129346289818,0.3957483344337833,0,14,758,sim.83.rep.1,true,2.65,-2.65,0.956309970757721
38,0.0,1.0,0.0,0.0,6.940651400770754,0.011203220577309653,0.26680120582079997,1.0,sim.83.rep.2,true,0.25,-0.25,sim.83.rep.2_codon.site.38,2.282391904362413e-7,0.05,4.433546274223987e-5,30.09589742182572,6.580596711437256,1.725486561770051,0,24,38,sim.83.rep.2,true,0.25,-0.25,0.9999997717608096
87,0.014,0.8615,0.0,0.0,1.770594065814549,0.032619320477293115,0.14596384797374146,0.8615,sim.83.rep.2,true,0.25,-0.25,sim.83.rep.2_codon.site.87,0.01826961836772556,0.05,0.78863852620682,7.306450236624064,1.743099154168458,0.2822598872225621,0,9,87,sim.83.rep.2,true,0.25,-0.25,0.9817303816322744
206,0.0,1.0,0.0,0.0045,2.8563409951870335,0.01871427412074521,0.4993204777175342,1.0,sim.83.rep.2,true,0.63,-0.63,sim.83.rep.2_codon.site.206,8.16502739420244e-7,0.05,0.0001268845257059059,15.25580286261961,2.922199769594975,1.262992439351213,0,17,206,sim.83.rep.2,true,0.63,-0.63,0.9999991834972606
591,0.0385,0.871,0.0,0.0495,0.44631863331493316,0.08760729275328266,0.4666889332119272,0.871,sim.83.rep.2,true,1.03,-1.03,sim.83.rep.2_codon.site.591,0.05347519294017578,-1,1,2.464050001319979,0.47946471830991,0.1969653744766698,0,4,591,sim.83.rep.2,true,1.03,-1.03,0.9465248070598242
658,0.0265,0.92,0.0275,0.3855,0.16504388522489646,0.22489117611415024,1.7378672279117608,0.92,sim.83.rep.2,true,1.44,-1.44,sim.83.rep.2_codon.site.658,0.0535373884831849,-1,1,1.186792424111371,0.1572196756991933,0.1640838700924959,0,3,658,sim.83.rep.2,true,1.44,-1.44,0.9464626115168151
758,0.0,0.9995,0.045,0.9955,0.15260004291384746,0.3212401313928723,7.406683691983804,0.9995,sim.83.rep.2,true,2.65,-2.65,sim.83.rep.2_codon.site.758,0.0004083344212468809,0.05,0.04532512075840378,4.378993025496931,0.1273955262852327,1.030538880340132,0,9,758,sim.83.rep.2,true,2.65,-2.65,0.9995916655787531
38,0.0,1.0,0.0,0.0015,4.137615158549903,0.013369247887062464,0.44913446717072514,1.0,sim.83.rep.3,true,0.25,-0.25,sim.83.rep.3_codon.site.38,0.9716471374011545,-1,1,35.3284610842498,7.586963954392524,0.6188494687891165,0,27,38,sim.83.rep.3,true,0.25,-0.25,0.028352862598845507
87,0.0025,0.9635,0.0,0.0,1.5765701889273382,0.031302164951624335,0.22815512515206804,0.9635,sim.83.rep.3,true,0.25,-0.25,sim.83.rep.3_codon.site.87,0.9869925454255464,-1,1,10.0261311559368,2.277023487763385,0.130628254769396,0,22,87,sim.83.rep.3,true,0.25,-0.25,0.013007454574453625
206,0.0,1.0,0.0,0.001,2.8340285667751437,0.019120011379798837,0.3531988304434794,1.0,sim.83.rep.3,true,0.63,-0.63,sim.83.rep.3_codon.site.206,1,-1,1,25.73122324377639,5.901027873596635,0.3144513625985071,0,23,206,sim.83.rep.3,true,0.63,-0.63,0
591,0.0035,0.9795,0.0,0.1295,0.601048877184407,0.07099559437434988,0.760843515824726,0.9795,sim.83.rep.3,true,1.03,-1.03,sim.83.rep.3_codon.site.591,0.9865835085580063,-1,1,4.656359947906617,0.8340577051765002,0.1418449700598149,0,11,591,sim.83.rep.3,true,1.03,-1.03,0.01341649144199375
658,0.0,0.999,0.0005,0.729,0.4130221203656997,0.09047406007743033,2.555766825316707,0.999,sim.83.rep.3,true,1.44,-1.44,sim.83.rep.3_codon.site.658,0.9809605906513533,-1,1,5.916340521282666,0.7857142857142857,0.2797855953693926,0,13,658,sim.83.rep.3,true,1.44,-1.44,0.019039409348646674
758,0.0,1.0,0.001,0.9915,0.44605739263488514,0.09026335568015376,4.379747325356541,1.0,sim.83.rep.3,true,2.65,-2.65,sim.83.rep.3_codon.site.758,0.9758045736565191,-1,1,7.955558981581523,0.4748783550026494,0.5875389592242407,0,17,758,sim.83.rep.3,true,2.65,-2.65,0.02419542634348093
38,0.0,1.0,0.0,0.0005,6.7324209368129875,0.011074850225556111,0.31132351907225275,1.0,sim.83.rep.4,true,0.25,-0.25,sim.83.rep.4_codon.site.38,0.9723886902634868,-1,1,40506.34788134664,9999.99999999834,0.634693475044718,0,44,38,sim.83.rep.4,true,0.25,-0.25,0.027611309736513157
87,0.004,0.974,0.0,0.1065,0.5653259299473887,0.06278714790637868,0.6633446271087974,0.974,sim.83.rep.4,true,0.25,-0.25,sim.83.rep.4_codon.site.87,0.987432545611599,-1,1,6.820796470944674,1.391344460801369,0.1046938735041135,0,11,87,sim.83.rep.4,true,0.25,-0.25,0.012567454388401011
206,0.0,0.9985,0.0,0.021,1.474746480261737,0.031822305150133415,0.6001295087648891,0.9985,sim.83.rep.4,true,0.63,-0.63,sim.83.rep.4_codon.site.206,0.9818595793161444,-1,1,15.10072014149362,2.901601081295046,0.2956824131451442,0,25,206,sim.83.rep.4,true,0.63,-0.63,0.018140420683855574
591,0.007,0.966,0.0105,0.4505,0.20706956116152123,0.15710609364450234,1.711637139918083,0.966,sim.83.rep.4,true,1.03,-1.03,sim.83.rep.4_codon.site.591,0.9889923370198732,-1,1,2.424535701928318,0.3365818124900887,0.09369800236193253,0,8,591,sim.83.rep.4,true,1.03,-1.03,0.011007662980126787
658,0.007,0.978,0.049,0.7905,0.09680352399162351,0.31956325768330107,3.7203339990773183,0.978,sim.83.rep.4,true,1.44,-1.44,sim.83.rep.4_codon.site.658,0.9890109392902443,-1,1,1.327767947668197,0.0646700888128982,0.09409099741814565,0,4,658,sim.83.rep.4,true,1.44,-1.44,0.010989060709755694
758,0.0,1.0,0.0055,1.0,0.1759947390683527,0.15242552543722868,8.508034545433143,1.0,sim.83.rep.4,true,2.65,-2.65,sim.83.rep.4_codon.site.758,0.9738017961114327,-1,1,6.284227278479756,0.1845212199811632,0.4887843347026344,0,17,758,sim.83.rep.4,true,2.65,-2.65,0.026198203888567306
38,0.0,1.0,0.0,0.0005,4.628062684276115,0.012740618059502854,0.38174096181955214,1.0,sim.83.rep.5,true,0.25,-0.25,sim.83.rep.5_codon.site.38,0.436085647053894,-1,0.9544747824250018,41453.56984467963,9999.99999999834,0.5318599400811954,0,42,38,sim.83.rep.5,true,0.25,-0.25,0.5639143529461059
87,0.0065,0.9245,0.0,0.0,2.1604866127508053,0.027997576927877237,0.18036658191282554,0.9245,sim.83.rep.5,true,0.25,-0.25,sim.83.rep.5_codon.site.87,0.7239942954595278,-1,1,15.96376255909955,3.47749168000517,0.1434278753135882,0,28,87,sim.83.rep.5,true,0.25,-0.25,0.27600570454047224
206,0.0,1.0,0.0,0.1745,1.6705273390556672,0.03186007483151457,0.9953523249755326,1.0,sim.83.rep.5,true,0.63,-0.63,sim.83.rep.5_codon.site.206,0.5031944651207514,-1,1,15.34051111196908,2.352255591410191,0.5172453294254734,0,29,206,sim.83.rep.5,true,0.63,-0.63,0.4968055348792486
591,0.007,0.9625,0.018,0.5085,0.1886832819254588,0.203385482632379,2.0350183026496564,0.9625,sim.83.rep.5,true,1.03,-1.03,sim.83.rep.5_codon.site.591,0.7659442304734758,-1,1,3.174851765486722,0.5196478988932111,0.09446025529644583,0,8,591,sim.83.rep.5,true,1.03,-1.03,0.23405576952652418
658,0.035,0.925,0.022,0.416,0.15724477584684424,0.21766494274358242,1.6883249849390924,0.925,sim.83.rep.5,true,1.44,-1.44,sim.83.rep.5_codon.site.658,0.8103336454850045,-1,1,1.253450189286113,0.1327523628332003,0.06505857355596434,0,2,658,sim.83.rep.5,true,1.44,-1.44,0.18966635451499547
758,0.0,0.9995,0.004,0.8315,0.5156926602569504,0.1747346655648088,2.8399111063795033,0.9995,sim.83.rep.5,true,2.65,-2.65,sim.83.rep.5_codon.site.758,0.1880577324398892,-1,0.4162987410421479,7.525664277403054,0.7566389232334862,0.3687375648494348,2.611466740710891,15,758,sim.83.rep.5,true,2.65,-2.65,0.8119422675601108
705,0.788,0.0075,0.3965,0.024,5.360698410414527,1.2545627743568324,0.5853835970140896,0.788,sim.56.rep.2,true,1.25,1.25,sim.56.rep.2_codon.site.705,0.03129602954081145,0.1111111111111111,0.764228850399815,122.2374192395028,4.752767138387381,1.47381809712338,5.239308017838126,11,705,sim.56.rep.2,true,1.25,1.25,0.9687039704591885
705,1.0,0.0,0.9985,0.0235,2.528398758068261,3.163097107912311,0.4062462599306407,1.0,sim.56.rep.4,true,1.25,1.25,sim.56.rep.4_codon.site.705,1,-1,1,617.1326002882163,3.096355084823737,3.803102974629221,9999.99999999834,31,705,sim.56.rep.4,true,1.25,1.25,0
705,0.996,0.0005,0.9675,0.021,4.781994160068048,2.8753247663277572,0.327543043967018,0.996,sim.56.rep.5,true,1.25,1.25,sim.56.rep.5_codon.site.705,1,-1,1,23673.52011517986,3.688430560811803,6.867662545502705,9999.99999999834,33,705,sim.56.rep.5,true,1.25,1.25,0
634,1.0,0.0,0.8545,0.0,3.200890494012394,2.0982824492910224,0.0642799581931002,1.0,sim.175.rep.1,true,1.52,1.52,sim.175.rep.1_codon.site.634,1,-1,1,541.2281339086287,3.605486506510495,0.457888449014881,9999.99999999834,12,634,sim.175.rep.1,true,1.52,1.52,0
634,1.0,0.0,0.988,0.0005,3.281928360580185,3.1737661441450653,0.10148724140226358,1.0,sim.175.rep.2,true,1.52,1.52,sim.175.rep.2_codon.site.634,1,-1,1,446.9612863623296,3.407530304641367,4.868074767668261,9999.99999999834,24,634,sim.175.rep.2,true,1.52,1.52,0
634,1.0,0.0,0.999,0.0,2.8435076163546036,3.4673800759427587,0.07590773277517798,1.0,sim.175.rep.3,true,1.52,1.52,sim.175.rep.3_codon.site.634,1,-1,1,523.065477729147,3.746332256932219,2.128947267367749,9999.99999999834,23,634,sim.175.rep.3,true,1.52,1.52,0
324,0.0015,0.992,0.0275,0.977,10.560320626234795,0.2618099402270287,3.6724655971500737,0.992,sim.26.rep.1,true,1.88,-1.88,sim.26.rep.1_codon.site.324,1,-1,1,209.4068288253909,0,245.6685760951583,12.45414018951864,27,324,sim.26.rep.1,true,1.88,-1.88,0
324,0.034,0.931,0.174,0.9935,9.087037120359057,0.9383353209632059,5.14313754019253,0.931,sim.26.rep.2,true,1.88,-1.88,sim.26.rep.2_codon.site.324,0.08414980421973572,-1,1,31.72910542699044,17.66208289702735,26.0370145172829,3.341524628983179,20,324,sim.26.rep.2,true,1.88,-1.88,0.9158501957802643
324,0.012,0.9635,0.0115,0.591,10.10799827163032,0.18255917508078054,1.64566422880192,0.9635,sim.26.rep.3,true,1.88,-1.88,sim.26.rep.3_codon.site.324,1,-1,1,333.1812531101351,0,302.6890791638908,35.07385564282964,26,324,sim.26.rep.3,true,1.88,-1.88,0
324,0.0005,0.9995,0.004,0.988,10.686308112635437,0.10571650726438174,2.9487784562410386,0.9995,sim.26.rep.4,true,1.88,-1.88,sim.26.rep.4_codon.site.324,1,-1,1,7190.922500152569,1.224941595283124,6567.241419337347,5119.000000004657,16,324,sim.26.rep.4,true,1.88,-1.88,0
324,0.1965,0.736,0.3435,0.8845,9.256387995955077,1.9885191623356122,3.6065933692853345,0.736,sim.26.rep.5,true,1.88,-1.88,sim.26.rep.5_codon.site.324,0.3562878494080889,-1,1,30.55666090682312,25.93756453908535,16.77994437777322,2.900366736078078,21,324,sim.26.rep.5,true,1.88,-1.88,0.6437121505919111
3,0.997,0.0,0.1675,0.0,2.5714448486851937,0.8588931308843014,0.04044829490705945,0.997,sim.347.rep.1,true,1.5,1.5,sim.347.rep.1_codon.site.3,0.0004472678814140263,0.05,0.05628120841126497,6.744178114243969,2.752736850227488,0,1.658785168847848,1,3,sim.347.rep.1,true,1.5,1.5,0.999552732118586
315,0.8945,0.022,0.017,0.0,1.7314997349571557,0.3375693211039196,0.05242265111350597,0.8945,sim.347.rep.1,true,0.66,0.66,sim.347.rep.1_codon.site.315,0.03038191526679379,0.07692307692307693,0.4986596962267242,3.773046978065766,1.864407472328952,0,0.536318566185006,6,315,sim.347.rep.1,true,0.66,0.66,0.9696180847332062
672,1.0,0.0,0.135,0.0,3.5710585706294093,0.8344407711609391,0.02369401684768836,1.0,sim.347.rep.1,true,2.73,2.73,sim.347.rep.1_codon.site.672,2.846626825536713e-5,0.05,0.01074601626640109,9.923278763547842,3.928570612509289,0,2.58774075725469,9,672,sim.347.rep.1,true,2.73,2.73,0.9999715337317446
3,0.971,0.003,0.168,0.0,1.2834066819200614,0.817814742798249,0.06743599831546011,0.971,sim.347.rep.2,true,1.5,1.5,sim.347.rep.2_codon.site.3,0.9850047887432747,-1,1,16095.21217972369,9999.999999953921,0,0.2260357784710365,2,3,sim.347.rep.2,true,1.5,1.5,0.014995211256725316
315,0.924,0.02,0.0955,0.0005,1.005663467152671,0.5936014655810025,0.0775507260293597,0.924,sim.347.rep.2,true,0.66,0.66,sim.347.rep.2_codon.site.315,0.9881412142849649,-1,1,5700.758606538702,3541.578966895633,0,0.1963858781882356,1,315,sim.347.rep.2,true,0.66,0.66,0.01185878571503507
672,1.0,0.0,0.95,0.001,2.1405136184152918,5.7917913689199025,0.0791431977234747,1.0,sim.347.rep.2,true,2.73,2.73,sim.347.rep.2_codon.site.672,0.964070923940459,-1,1,16101.4565321291,9999.999999987234,0,1.644523192468398,3,672,sim.347.rep.2,true,2.73,2.73,0.03592907605954099
3,0.9915,0.001,0.1495,0.0,1.680673334925813,0.7845151613496685,0.05040942363219031,0.9915,sim.347.rep.3,true,1.5,1.5,sim.347.rep.3_codon.site.3,0.9820507452567449,-1,1,5.239772726199213,2.265924135045168,0,0.3139879616392298,1,3,sim.347.rep.3,true,1.5,1.5,0.01794925474325515
315,0.996,0.0,0.651,0.005,0.7596749126764945,2.8352136946959483,0.11704252898498795,0.996,sim.347.rep.3,true,0.66,0.66,sim.347.rep.3_codon.site.315,0.9807700162194489,-1,1,3.295988271302008,1.039763341802716,0,0.3414003062709718,2,315,sim.347.rep.3,true,0.66,0.66,0.019229983780551074
672,1.0,0.0,0.85,0.0005,1.7229615663513225,3.584833325514891,0.08309357710907396,1.0,sim.347.rep.3,true,2.73,2.73,sim.347.rep.3_codon.site.672,0.9709289679845058,-1,1,16867.23518899692,9999.99999999834,0,0.9818215636687252,3,672,sim.347.rep.3,true,2.73,2.73,0.029071032015494214
3,1.0,0.0,0.9665,0.0135,0.5457109074965416,6.178653269960273,0.17948294861332167,1.0,sim.347.rep.4,true,1.5,1.5,sim.347.rep.4_codon.site.3,0.9737711204114725,-1,1,5.183666231049576,0.8502756910779707,0,0.7810335391299214,0,3,sim.347.rep.4,true,1.5,1.5,0.026228879588527487
315,0.989,0.0005,0.2355,0.0,1.487039496060757,0.9996599823035743,0.06030288802055219,0.989,sim.347.rep.4,true,0.66,0.66,sim.347.rep.4_codon.site.315,0.9820195047941289,-1,1,17303.12414961391,9999.999999987234,0,0.3567471159804962,3,315,sim.347.rep.4,true,0.66,0.66,0.017980495205871083
672,1.0,0.0,0.8805,0.0,1.9367044138108738,3.6064782295652984,0.04361535475870217,1.0,sim.347.rep.4,true,2.73,2.73,sim.347.rep.4_codon.site.672,0.9624037998446499,-1,1,8229.598166143218,4752.949288683295,0,1.328940701932724,1,672,sim.347.rep.4,true,2.73,2.73,0.037596200155350146
3,0.9995,0.0,0.4585,0.0,1.1315345313429523,1.6119200467050467,0.05847049762205244,0.9995,sim.347.rep.5,true,1.5,1.5,sim.347.rep.5_codon.site.3,0.9798746508079637,-1,1,4.216091361253643,1.406717781313086,0,0.3611814714918101,2,3,sim.347.rep.5,true,1.5,1.5,0.020125349192036346
315,0.97,0.002,0.005,0.0,3.691912154308044,0.2811232044007914,0.026428787277264627,0.97,sim.347.rep.5,true,0.66,0.66,sim.347.rep.5_codon.site.315,0.9851459070949841,-1,1,17723.04585490154,9999.999999809563,0,0.2304488173267319,2,315,sim.347.rep.5,true,0.66,0.66,0.014854092905015936
672,0.9965,0.0005,0.2575,0.0,2.2235297731156347,1.062148124979419,0.0410281688349849,0.9965,sim.347.rep.5,true,2.73,2.73,sim.347.rep.5_codon.site.672,0.9786579473615069,-1,1,17724.2353902354,9999.999999920608,0,0.4797870154716296,2,672,sim.347.rep.5,true,2.73,2.73,0.021342052638493092
